Babbling,0.01,0.02,0.03,0.04,0.05,0.06,0.07,0.08,0.09,0.1,0.11,0.12,0.13,0.14,0.15,0.16,0.17,0.18,0.19,0.2,0.21,0.22,0.23,0.24,0.25,0.26,0.27,0.28,0.29,0.3,0.31,0.32,0.33,0.34,0.35,0.36,0.37,0.38,0.39,0.4,0.41,0.42,0.43,0.44,0.45,0.46,0.47,0.48,0.49,0.5,0.51,0.52,0.53,0.54,0.55,0.56,0.57,0.58,0.59,0.6,0.61,0.62,0.63,0.64,0.65,0.66,0.67,0.68,0.69,0.7,0.71,0.72,0.73,0.74,0.75,0.76,0.77,0.78,0.79,0.8,0.81,0.82,0.83,0.84,0.85,0.86,0.87,0.88,0.89,0.9,0.91,0.92,0.93,0.94,0.95,0.96,0.97,0.98,0.99,1,,Balbuceo,0.01,0.02,0.03,0.04,0.05,0.06,0.07,0.08,0.09,0.1,0.11,0.12,0.13,0.14,0.15,0.16,0.17,0.18,0.19,0.2,0.21,0.22,0.23,0.24,0.25,0.26,0.27,0.28,0.29,0.3,0.31,0.32,0.33,0.34,0.35,0.36,0.37,0.38,0.39,0.4,0.41,0.42,0.43,0.44,0.45,0.46,0.47,0.48,0.49,0.5,0.51,0.52,0.53,0.54,0.55,0.56,0.57,0.58,0.59,0.6,0.61,0.62,0.63,0.64,0.65,0.66,0.67,0.68,0.69,0.7,0.71,0.72,0.73,0.74,0.75,0.76,0.77,0.78,0.79,0.8,0.81,0.82,0.83,0.84,0.85,0.86,0.87,0.88,0.89,0.9,0.91,0.92,0.93,0.94,0.95,0.96,0.97,0.98,0.99,1,,,0.01,0.02,0.03,0.04,0.05,0.06,0.07,0.08,0.09,0.1,0.11,0.12,0.13,0.14,0.15,0.16,0.17,0.18,0.19,0.2,0.21,0.22,0.23,0.24,0.25,0.26,0.27,0.28,0.29,0.3,0.31,0.32,0.33,0.34,0.35,0.36,0.37,0.38,0.39,0.4,0.41,0.42,0.43,0.44,0.45,0.46,0.47,0.48,0.49,0.5,0.51,0.52,0.53,0.54,0.55,0.56,0.57,0.58,0.59,0.6,0.61,0.62,0.63,0.64,0.65,0.66,0.67,0.68,0.69,0.7,0.71,0.72,0.73,0.74,0.75,0.76,0.77,0.78,0.79,0.8,0.81,0.82,0.83,0.84,0.85,0.86,0.87,0.88,0.89,0.9,0.91,0.92,0.93,0.94,0.95,0.96,0.97,0.98,0.99,1
0,0%,0%,0%,0%,0%,0%,0%,0%,0%,0%,0%,0%,0%,0%,0%,0%,0%,0%,0%,0%,0%,0%,1%,2%,3%,3%,4%,5%,6%,7%,8%,9%,10%,11%,12%,12%,13%,14%,15%,16%,17%,18%,19%,20%,20%,20%,20%,20%,20%,20%,20%,20%,20%,20%,20%,20%,20%,20%,20%,20%,20%,20%,20%,20%,20%,20%,20%,21%,22%,23%,24%,25%,26%,27%,28%,28%,29%,30%,31%,32%,33%,34%,35%,36%,37%,37%,38%,39%,41%,46%,51%,57%,62%,68%,73%,78%,84%,89%,95%,100%,,,#N/A,#N/A,#N/A,#N/A,#N/A,#N/A,#N/A,#N/A,#N/A,#N/A,#N/A,#N/A,#N/A,#N/A,#N/A,#N/A,#N/A,#N/A,#N/A,#N/A,#N/A,#N/A,#N/A,#N/A,#N/A,#N/A,#N/A,#N/A,#N/A,#N/A,#N/A,#N/A,#N/A,#N/A,#N/A,#N/A,#N/A,#N/A,#N/A,#N/A,#N/A,#N/A,#N/A,#N/A,#N/A,#N/A,#N/A,#N/A,#N/A,#N/A,#N/A,#N/A,#N/A,#N/A,#N/A,#N/A,#N/A,#N/A,#N/A,#N/A,#N/A,#N/A,#N/A,#N/A,#N/A,#N/A,#N/A,#N/A,#N/A,#N/A,#N/A,#N/A,#N/A,#N/A,#N/A,#N/A,#N/A,#N/A,#N/A,#N/A,#N/A,#N/A,#N/A,#N/A,#N/A,#N/A,#N/A,#N/A,#N/A,#N/A,#N/A,#N/A,#N/A,#N/A,#N/A,#N/A,#N/A,#N/A,#N/A,#N/A,,,0,0,0,0,0,0,0,0,0,0,0,0,0,0,0,0,0,0,0,0,0,0,0.007,0.016,0.025,0.034,0.043,0.052,0.061,0.07,0.079,0.088,0.097,0.106,0.115,0.124,0.133,0.142,0.151,0.16,0.169,0.178,0.187,0.196,0.2,0.2,0.2,0.2,0.2,0.2,0.2,0.2,0.2,0.2,0.2,0.2,0.2,0.2,0.2,0.2,0.2,0.2,0.2,0.2,0.2,0.2,0.203,0.212,0.221,0.23,0.239,0.248,0.257,0.266,0.275,0.284,0.293,0.302,0.311,0.32,0.329,0.338,0.347,0.356,0.365,0.374,0.383,0.392,0.406,0.46,0.514,0.568,0.622,0.676,0.73,0.784,0.838,0.892,0.946,1
1,0%,4%,6%,8%,10%,10%,10%,10%,10%,11%,13%,15%,17%,19%,20%,20%,20%,20%,20%,20%,20%,20%,20%,20%,20%,20%,20%,20%,21%,23%,25%,27%,29%,30%,30%,30%,30%,30%,30%,30%,30%,30%,30%,30%,30%,30%,30%,31%,33%,35%,37%,39%,40%,40%,40%,40%,40%,42%,44%,46%,48%,50%,50%,50%,50%,50%,50%,50%,50%,50%,50%,51%,53%,55%,58%,60%,60%,60%,60%,60%,60%,60%,60%,60%,60%,60%,60%,60%,60%,60%,64%,73%,81%,90%,98%,100%,100%,100%,100%,100%,,,#N/A,#N/A,#N/A,#N/A,#N/A,#N/A,#N/A,#N/A,#N/A,#N/A,#N/A,#N/A,#N/A,#N/A,#N/A,#N/A,#N/A,#N/A,#N/A,#N/A,#N/A,#N/A,#N/A,#N/A,#N/A,#N/A,#N/A,#N/A,#N/A,#N/A,#N/A,#N/A,#N/A,#N/A,#N/A,#N/A,#N/A,#N/A,#N/A,#N/A,#N/A,#N/A,#N/A,#N/A,#N/A,#N/A,#N/A,#N/A,#N/A,#N/A,#N/A,#N/A,#N/A,#N/A,#N/A,#N/A,#N/A,#N/A,#N/A,#N/A,#N/A,#N/A,#N/A,#N/A,#N/A,#N/A,#N/A,#N/A,#N/A,#N/A,#N/A,#N/A,#N/A,#N/A,#N/A,#N/A,#N/A,#N/A,#N/A,#N/A,#N/A,#N/A,#N/A,#N/A,#N/A,#N/A,#N/A,#N/A,#N/A,#N/A,#N/A,#N/A,#N/A,#N/A,#N/A,#N/A,#N/A,#N/A,#N/A,#N/A,,,0,0.033722222,0.042333333,0.046222222,0.049166667,0.05,0.052,0.054666667,0.058472222,0.061388889,0.063916667,0.066444444,0.069277778,0.073111111,0.076111111,0.077777778,0.079388889,0.081444444,0.084194444,0.085555556,0.086111111,0.086111111,0.091555556,0.098555556,0.105555556,0.112555556,0.119555556,0.126555556,0.134055556,0.142222222,0.150388889,0.160555556,0.171388889,0.181444444,0.189444444,0.196444444,0.203444444,0.210444444,0.217444444,0.224444444,0.232388889,0.241444444,0.250694444,0.259555556,0.263888889,0.263888889,0.263888889,0.264333333,0.2655,0.266666667,0.267833333,0.269,0.269444444,0.270722222,0.274027778,0.276222222,0.277777778,0.278777778,0.279944444,0.282777778,0.286611111,0.290333333,0.293388889,0.295444444,0.297222222,0.297222222,0.299555556,0.306555556,0.313555556,0.320555556,0.329055556,0.339888889,0.354083333,0.365555556,0.376388889,0.384555556,0.391777778,0.398777778,0.405777778,0.413333333,0.421694444,0.431555556,0.441222222,0.450888889,0.458888889,0.465888889,0.472888889,0.482555556,0.498777778,0.546388889,0.595527778,0.643555556,0.692277778,0.741,0.788888889,0.832,0.874,0.916,0.958,1
2,0%,13%,19%,20%,20%,20%,22%,26%,29%,30%,30%,30%,32%,35%,38%,40%,40%,40%,40%,40%,40%,40%,40%,40%,40%,40%,40%,40%,40%,40%,40%,42%,46%,49%,50%,50%,50%,50%,50%,50%,50%,50%,50%,50%,50%,50%,50%,50%,50%,50%,50%,50%,50%,50%,50%,50%,50%,50%,50%,52%,55%,58%,60%,60%,60%,60%,60%,60%,60%,60%,60%,60%,64%,67%,70%,70%,70%,70%,70%,70%,70%,72%,76%,79%,80%,80%,80%,83%,90%,96%,100%,100%,100%,100%,100%,100%,100%,100%,100%,100%,,,0,0.056666667,0.085,0.094666667,0.1,0.1,0.108,0.118666667,0.129333333,0.136666667,0.143666667,0.150666667,0.163,0.180666667,0.193333333,0.2,0.2,0.2,0.2,0.2,0.2,0.2,0.202333333,0.205333333,0.208333333,0.211333333,0.214333333,0.217333333,0.223333333,0.233333333,0.243333333,0.261333333,0.282,0.298,0.305,0.308,0.311,0.314,0.317,0.32,0.323,0.326,0.329,0.332,0.333333333,0.333333333,0.333333333,0.336,0.343,0.35,0.357,0.364,0.366666667,0.366666667,0.366666667,0.366666667,0.366666667,0.372666667,0.379666667,0.393333333,0.411,0.428,0.433333333,0.433333333,0.433333333,0.433333333,0.434333333,0.437333333,0.440333333,0.443333333,0.446333333,0.454666667,0.475333333,0.496,0.516666667,0.526666667,0.531,0.534,0.537,0.54,0.543,0.554,0.567666667,0.581333333,0.588333333,0.591333333,0.594333333,0.608,0.634,0.673333333,0.719333333,0.765333333,0.811333333,0.857333333,0.903333333,0.928,0.946,0.964,0.982,1,,,0,0.067444444,0.084666667,0.092444444,0.098333333,0.1,0.104,0.109333333,0.116944444,0.122777778,0.127833333,0.132888889,0.138555556,0.146222222,0.152222222,0.155555556,0.158777778,0.162888889,0.168388889,0.171111111,0.172222222,0.172222222,0.176111111,0.181111111,0.186111111,0.191111111,0.196111111,0.201111111,0.207111111,0.214444444,0.221777778,0.233111111,0.245777778,0.256888889,0.263888889,0.268888889,0.273888889,0.278888889,0.283888889,0.288888889,0.295777778,0.304888889,0.314388889,0.323111111,0.327777778,0.327777778,0.327777778,0.328666667,0.331,0.333333333,0.335666667,0.338,0.338888889,0.341444444,0.348055556,0.352444444,0.355555556,0.357555556,0.359888889,0.365555556,0.373222222,0.380666667,0.386777778,0.390888889,0.394444444,0.394444444,0.396111111,0.401111111,0.406111111,0.411111111,0.419111111,0.431777778,0.451166667,0.465111111,0.477777778,0.485111111,0.490555556,0.495555556,0.500555556,0.506666667,0.514388889,0.525111111,0.535444444,0.545777778,0.552777778,0.557777778,0.562777778,0.573111111,0.591555556,0.632777778,0.677055556,0.719111111,0.762555556,0.806,0.847777778,0.88,0.91,0.94,0.97,1
3,0%,27%,31%,35%,39%,40%,40%,40%,40%,40%,40%,40%,40%,40%,40%,40%,43%,47%,50%,50%,50%,50%,50%,50%,50%,50%,50%,50%,50%,50%,50%,50%,50%,50%,50%,50%,50%,50%,50%,50%,52%,55%,59%,60%,60%,60%,60%,60%,60%,60%,60%,60%,60%,60%,64%,67%,70%,70%,70%,70%,70%,70%,73%,77%,80%,80%,80%,80%,80%,80%,83%,86%,90%,90%,90%,90%,90%,90%,90%,90%,90%,90%,90%,90%,90%,90%,90%,90%,90%,90%,90%,90%,94%,98%,100%,100%,100%,100%,100%,100%,,,0,0.148,0.188666667,0.210666667,0.228333333,0.233333333,0.241333333,0.252,0.262666667,0.27,0.277,0.284,0.296333333,0.314,0.326666667,0.333333333,0.343,0.355333333,0.366666667,0.366666667,0.366666667,0.366666667,0.366666667,0.366666667,0.366666667,0.366666667,0.366666667,0.366666667,0.369666667,0.376666667,0.383666667,0.398666667,0.416333333,0.429333333,0.433333333,0.433333333,0.433333333,0.433333333,0.433333333,0.433333333,0.439,0.451333333,0.463666667,0.466666667,0.466666667,0.466666667,0.466666667,0.469333333,0.476333333,0.483333333,0.490333333,0.497333333,0.5,0.5,0.511666667,0.524,0.533333333,0.539333333,0.546333333,0.56,0.577666667,0.594666667,0.610333333,0.622666667,0.633333333,0.633333333,0.633333333,0.633333333,0.633333333,0.633333333,0.642333333,0.66,0.689666667,0.707333333,0.725,0.732,0.733333333,0.733333333,0.733333333,0.733333333,0.733333333,0.741333333,0.752,0.762666667,0.766666667,0.766666667,0.766666667,0.777333333,0.798666667,0.82,0.848,0.877333333,0.917666667,0.958,0.993333333,1,1,1,1,1,,,0,0.101166667,0.127,0.138666667,0.1475,0.15,0.156,0.164,0.175416667,0.184166667,0.19175,0.199333333,0.207833333,0.219333333,0.228333333,0.233333333,0.238166667,0.244333333,0.252583333,0.256666667,0.258333333,0.258333333,0.260666667,0.263666667,0.266666667,0.269666667,0.272666667,0.275666667,0.280166667,0.286666667,0.293166667,0.305666667,0.320166667,0.332333333,0.338333333,0.341333333,0.344333333,0.347333333,0.350333333,0.353333333,0.359166667,0.368333333,0.378083333,0.386666667,0.391666667,0.391666667,0.391666667,0.393,0.3965,0.4,0.4035,0.407,0.408333333,0.412166667,0.422083333,0.428666667,0.433333333,0.436333333,0.439833333,0.448333333,0.459833333,0.471,0.480166667,0.486333333,0.491666667,0.491666667,0.492666667,0.495666667,0.498666667,0.501666667,0.509166667,0.523666667,0.54825,0.564666667,0.579166667,0.585666667,0.589333333,0.592333333,0.595333333,0.6,0.607083333,0.618666667,0.629666667,0.640666667,0.646666667,0.649666667,0.652666667,0.663666667,0.684333333,0.719166667,0.758583333,0.794666667,0.832833333,0.871,0.906666667,0.928,0.946,0.964,0.982,1
4,0%,20%,20%,20%,20%,20%,20%,20%,24%,29%,34%,39%,40%,40%,40%,40%,40%,40%,43%,48%,50%,50%,50%,50%,50%,50%,50%,50%,50%,50%,50%,50%,50%,50%,50%,50%,50%,50%,50%,50%,50%,50%,51%,56%,60%,60%,60%,60%,60%,60%,60%,60%,60%,65%,70%,70%,70%,70%,70%,70%,70%,70%,70%,70%,70%,70%,70%,70%,70%,70%,70%,73%,78%,80%,80%,80%,80%,80%,80%,82%,87%,90%,90%,90%,90%,90%,90%,90%,90%,91%,96%,100%,100%,100%,100%,100%,100%,100%,100%,100%,,,0,0.2,0.234333333,0.249333333,0.261666667,0.266666667,0.274666667,0.285333333,0.309666667,0.33,0.346333333,0.362666667,0.372,0.382666667,0.393333333,0.4,0.409666667,0.422,0.443666667,0.46,0.466666667,0.466666667,0.466666667,0.466666667,0.466666667,0.466666667,0.466666667,0.466666667,0.466666667,0.466666667,0.466666667,0.474666667,0.485333333,0.496,0.5,0.5,0.5,0.5,0.5,0.5,0.505666667,0.518,0.532666667,0.552,0.566666667,0.566666667,0.566666667,0.566666667,0.566666667,0.566666667,0.566666667,0.566666667,0.566666667,0.582,0.61,0.624,0.633333333,0.633333333,0.633333333,0.64,0.650666667,0.661333333,0.677,0.689333333,0.7,0.7,0.7,0.7,0.7,0.7,0.709,0.732,0.771,0.789333333,0.8,0.8,0.8,0.8,0.8,0.806666667,0.823,0.841333333,0.852,0.862666667,0.866666667,0.866666667,0.866666667,0.877333333,0.898666667,0.923333333,0.953,0.968,0.980333333,0.992666667,1,1,1,1,1,1,,,0,0.134888889,0.169333333,0.184888889,0.196666667,0.2,0.208,0.218666667,0.233888889,0.245555556,0.255666667,0.265777778,0.277111111,0.292444444,0.304444444,0.311111111,0.317555556,0.325777778,0.336777778,0.342222222,0.344444444,0.344444444,0.345222222,0.346222222,0.347222222,0.348222222,0.349222222,0.350222222,0.353222222,0.358888889,0.364555556,0.378222222,0.394555556,0.407777778,0.412777778,0.413777778,0.414777778,0.415777778,0.416777778,0.417777778,0.422555556,0.431777778,0.441777778,0.450222222,0.455555556,0.455555556,0.455555556,0.457333333,0.462,0.466666667,0.471333333,0.476,0.477777778,0.482888889,0.496111111,0.504888889,0.511111111,0.515111111,0.519777778,0.531111111,0.546444444,0.561333333,0.573555556,0.581777778,0.588888889,0.588888889,0.589222222,0.590222222,0.591222222,0.592222222,0.599222222,0.615555556,0.645333333,0.664222222,0.680555556,0.686222222,0.688111111,0.689111111,0.690111111,0.693333333,0.699777778,0.712222222,0.723888889,0.735555556,0.740555556,0.741555556,0.742555556,0.754222222,0.777111111,0.805555556,0.840111111,0.870222222,0.903111111,0.936,0.965555556,0.976,0.982,0.988,0.994,1
5,0%,18%,20%,20%,21%,25%,29%,30%,30%,30%,30%,30%,33%,37%,40%,40%,40%,40%,40%,40%,40%,40%,44%,48%,50%,50%,51%,55%,59%,60%,60%,60%,60%,60%,60%,60%,60%,60%,60%,60%,60%,60%,60%,60%,60%,60%,60%,60%,61%,65%,69%,70%,70%,70%,70%,70%,70%,70%,70%,70%,70%,74%,78%,80%,80%,80%,80%,80%,80%,80%,80%,80%,80%,80%,80%,80%,80%,80%,80%,80%,82%,86%,90%,90%,90%,90%,90%,90%,90%,90%,93%,97%,100%,100%,100%,100%,100%,100%,100%,100%,,,0,0.218,0.237,0.249333333,0.263333333,0.282,0.295666667,0.3,0.313666667,0.33,0.346333333,0.362666667,0.377666667,0.391333333,0.4,0.4,0.409666667,0.422,0.443666667,0.46,0.466666667,0.467333333,0.481,0.494666667,0.5,0.5,0.502333333,0.516,0.529666667,0.533333333,0.533333333,0.533333333,0.533333333,0.533333333,0.533333333,0.533333333,0.533333333,0.533333333,0.533333333,0.533333333,0.539,0.551333333,0.566,0.585333333,0.6,0.6,0.6,0.6,0.603,0.616666667,0.630333333,0.633333333,0.633333333,0.648666667,0.676666667,0.690666667,0.7,0.7,0.7,0.7,0.700333333,0.714,0.738,0.756,0.766666667,0.766666667,0.766666667,0.766666667,0.766666667,0.766666667,0.775666667,0.797333333,0.825666667,0.833333333,0.833333333,0.833333333,0.833333333,0.833333333,0.833333333,0.84,0.863333333,0.887333333,0.9,0.9,0.9,0.9,0.9,0.9,0.9,0.903333333,0.93,0.958666667,0.980333333,0.992666667,1,1,1,1,1,1,,,0,0.188666667,0.22,0.236444444,0.251111111,0.260666667,0.270555556,0.279111111,0.295333333,0.31,0.323222222,0.336444444,0.348666667,0.362666667,0.373333333,0.377777778,0.387444444,0.399777778,0.418,0.428888889,0.433333333,0.433555556,0.438111111,0.442666667,0.444444444,0.444444444,0.445222222,0.449777778,0.455333333,0.458888889,0.461222222,0.468888889,0.478333333,0.486222222,0.488888889,0.488888889,0.488888889,0.488888889,0.488888889,0.488888889,0.494555556,0.506888889,0.520777778,0.534666667,0.544444444,0.544444444,0.544444444,0.545333333,0.548666667,0.555555556,0.562444444,0.565777778,0.566666667,0.576888889,0.599444444,0.612888889,0.622222222,0.624222222,0.626555556,0.633333333,0.642888889,0.656666667,0.675111111,0.689333333,0.7,0.7,0.7,0.7,0.7,0.7,0.709,0.729777778,0.762111111,0.776666667,0.786111111,0.788444444,0.788888889,0.788888889,0.788888889,0.793333333,0.806555556,0.823333333,0.834666667,0.841777778,0.844444444,0.844444444,0.844444444,0.851555556,0.865777778,0.882222222,0.910333333,0.934666667,0.959444444,0.981111111,0.997777778,1,1,1,1,1
6,0%,30%,30%,30%,30%,30%,30%,33%,37%,40%,40%,40%,43%,47%,52%,56%,60%,60%,60%,60%,60%,60%,60%,60%,60%,60%,60%,60%,60%,60%,60%,60%,60%,60%,60%,60%,60%,60%,60%,64%,68%,70%,70%,70%,70%,70%,73%,77%,80%,80%,80%,80%,80%,80%,80%,80%,80%,80%,80%,80%,80%,80%,80%,80%,80%,80%,80%,80%,83%,87%,90%,90%,90%,90%,90%,90%,90%,90%,90%,90%,90%,90%,90%,90%,90%,93%,97%,100%,100%,100%,100%,100%,100%,100%,100%,100%,100%,100%,100%,100%,,,0,0.226666667,0.233333333,0.233333333,0.235,0.248666667,0.262333333,0.276,0.303333333,0.33,0.346333333,0.362666667,0.388666667,0.416,0.438333333,0.452,0.465666667,0.466666667,0.477,0.493333333,0.5,0.500666667,0.514333333,0.528,0.533333333,0.533333333,0.535666667,0.549333333,0.563,0.566666667,0.566666667,0.566666667,0.566666667,0.566666667,0.566666667,0.566666667,0.566666667,0.566666667,0.566666667,0.58,0.593666667,0.6,0.602333333,0.618666667,0.633333333,0.633333333,0.642333333,0.656,0.669666667,0.683333333,0.697,0.7,0.7,0.715333333,0.731666667,0.733333333,0.733333333,0.733333333,0.733333333,0.733333333,0.733666667,0.747333333,0.761,0.766666667,0.766666667,0.766666667,0.766666667,0.766666667,0.776333333,0.79,0.8,0.809333333,0.825666667,0.833333333,0.833333333,0.833333333,0.833333333,0.833333333,0.833333333,0.84,0.863333333,0.887333333,0.9,0.9,0.9,0.908666667,0.922333333,0.933333333,0.933333333,0.936666667,0.963333333,0.990666667,1,1,1,1,1,1,1,1,,,0,0.214888889,0.234888889,0.244,0.253333333,0.265777778,0.277555556,0.287111111,0.308888889,0.33,0.346333333,0.362666667,0.379444444,0.396666667,0.410555556,0.417333333,0.428333333,0.436888889,0.454777778,0.471111111,0.477777778,0.478222222,0.487333333,0.496444444,0.5,0.5,0.501555556,0.510666667,0.519777778,0.522222222,0.522222222,0.524888889,0.528444444,0.532,0.533333333,0.533333333,0.533333333,0.533333333,0.533333333,0.537777778,0.546111111,0.556444444,0.567,0.585333333,0.6,0.6,0.603,0.607555556,0.613111111,0.622222222,0.631333333,0.633333333,0.633333333,0.648666667,0.672777778,0.682666667,0.688888889,0.688888889,0.688888889,0.691111111,0.694888889,0.707555556,0.725333333,0.737333333,0.744444444,0.744444444,0.744444444,0.744444444,0.747666667,0.752222222,0.761555556,0.779555556,0.807444444,0.818666667,0.822222222,0.822222222,0.822222222,0.822222222,0.822222222,0.828888889,0.849888889,0.872,0.884,0.887555556,0.888888889,0.891777778,0.896333333,0.903555556,0.910666667,0.921111111,0.948777778,0.972444444,0.986888889,0.995111111,1,1,1,1,1,1
7,0%,9%,10%,10%,12%,16%,20%,20%,20%,24%,28%,36%,44%,52%,56%,60%,60%,60%,60%,60%,60%,60%,61%,66%,70%,70%,70%,70%,70%,70%,70%,70%,70%,70%,70%,70%,70%,70%,70%,70%,70%,70%,70%,70%,70%,70%,70%,71%,76%,80%,80%,80%,80%,80%,80%,80%,80%,80%,80%,84%,88%,90%,90%,90%,90%,90%,90%,90%,90%,90%,90%,90%,90%,90%,90%,90%,90%,90%,90%,90%,90%,90%,90%,90%,94%,98%,100%,100%,100%,100%,100%,100%,100%,100%,100%,100%,100%,100%,100%,100%,,,0,0.19,0.2,0.2,0.208333333,0.236666667,0.262333333,0.276,0.289666667,0.313333333,0.328,0.352,0.403333333,0.454666667,0.491666667,0.518666667,0.532333333,0.533333333,0.533333333,0.533333333,0.533333333,0.534,0.551666667,0.58,0.6,0.6,0.602333333,0.616,0.629666667,0.633333333,0.633333333,0.633333333,0.633333333,0.633333333,0.633333333,0.633333333,0.633333333,0.633333333,0.633333333,0.646666667,0.660333333,0.666666667,0.666666667,0.666666667,0.666666667,0.666666667,0.675666667,0.693333333,0.721666667,0.75,0.763666667,0.766666667,0.766666667,0.766666667,0.766666667,0.766666667,0.766666667,0.766666667,0.766666667,0.78,0.795,0.814,0.827666667,0.833333333,0.833333333,0.833333333,0.833333333,0.833333333,0.843,0.856666667,0.866666667,0.866666667,0.866666667,0.866666667,0.866666667,0.866666667,0.866666667,0.866666667,0.866666667,0.866666667,0.873666667,0.887333333,0.9,0.9,0.913333333,0.936666667,0.955666667,0.966666667,0.966666667,0.966666667,0.977,0.990666667,1,1,1,1,1,1,1,1,,,0,0.211555556,0.223444444,0.227555556,0.235555556,0.255777778,0.273444444,0.284,0.302222222,0.324444444,0.340222222,0.359111111,0.389888889,0.420666667,0.443333333,0.456888889,0.469222222,0.474,0.484666667,0.495555556,0.5,0.500666667,0.515666667,0.534222222,0.544444444,0.544444444,0.546777778,0.560444444,0.574111111,0.577777778,0.577777778,0.577777778,0.577777778,0.577777778,0.577777778,0.577777778,0.577777778,0.577777778,0.577777778,0.586666667,0.597666667,0.606,0.611666667,0.623555556,0.633333333,0.633333333,0.639333333,0.649777778,0.664777778,0.683333333,0.697,0.7,0.7,0.710222222,0.725,0.730222222,0.733333333,0.733333333,0.733333333,0.737777778,0.743,0.758444444,0.775555556,0.785333333,0.788888889,0.788888889,0.788888889,0.788888889,0.795333333,0.804444444,0.814111111,0.824444444,0.839333333,0.844444444,0.844444444,0.844444444,0.844444444,0.844444444,0.844444444,0.848888889,0.866777778,0.887333333,0.9,0.9,0.904444444,0.915111111,0.926,0.933333333,0.933333333,0.935555556,0.956777778,0.98,0.993444444,0.997555556,1,1,1,1,1,1
8,0%,34%,43%,47%,50%,50%,50%,50%,50%,50%,50%,52%,56%,60%,60%,60%,60%,60%,60%,60%,60%,60%,60%,63%,68%,70%,70%,70%,70%,70%,73%,78%,80%,80%,80%,80%,80%,80%,80%,80%,80%,80%,80%,80%,84%,88%,90%,90%,90%,90%,90%,90%,90%,90%,90%,90%,90%,90%,90%,90%,90%,90%,90%,90%,90%,90%,90%,90%,90%,90%,90%,90%,90%,90%,90%,90%,91%,95%,100%,100%,100%,100%,100%,100%,100%,100%,100%,100%,100%,100%,100%,100%,100%,100%,100%,100%,100%,100%,100%,100%,,,0,0.244,0.276333333,0.290666667,0.306666667,0.321333333,0.333333333,0.342666667,0.356333333,0.38,0.394666667,0.424,0.478666667,0.53,0.558333333,0.585333333,0.599,0.6,0.6,0.6,0.6,0.6,0.604,0.629333333,0.658333333,0.666666667,0.666666667,0.666666667,0.666666667,0.666666667,0.677666667,0.692,0.7,0.7,0.7,0.7,0.7,0.7,0.7,0.713333333,0.727,0.733333333,0.733333333,0.733333333,0.745,0.759333333,0.775666667,0.793333333,0.818666667,0.833333333,0.833333333,0.833333333,0.833333333,0.833333333,0.833333333,0.833333333,0.833333333,0.833333333,0.833333333,0.846666667,0.861333333,0.866666667,0.866666667,0.866666667,0.866666667,0.866666667,0.866666667,0.866666667,0.876333333,0.89,0.9,0.9,0.9,0.9,0.9,0.9,0.903666667,0.918,0.932333333,0.933333333,0.933333333,0.933333333,0.933333333,0.933333333,0.946666667,0.97,0.989,1,1,1,1,1,1,1,1,1,1,1,1,1,,,0,0.220222222,0.236555556,0.241333333,0.25,0.268888889,0.286,0.298222222,0.316444444,0.341111111,0.356333333,0.379555556,0.423555556,0.466888889,0.496111111,0.518666667,0.532333333,0.533333333,0.536777778,0.542222222,0.544444444,0.544888889,0.556666667,0.579111111,0.597222222,0.6,0.601555556,0.610666667,0.619777778,0.622222222,0.625888889,0.630666667,0.633333333,0.633333333,0.633333333,0.633333333,0.633333333,0.633333333,0.633333333,0.646666667,0.660333333,0.666666667,0.667444444,0.672888889,0.681666667,0.686444444,0.697888889,0.714222222,0.736666667,0.755555556,0.764666667,0.766666667,0.766666667,0.771777778,0.777222222,0.777777778,0.777777778,0.777777778,0.777777778,0.786666667,0.796666667,0.809333333,0.818444444,0.822222222,0.822222222,0.822222222,0.822222222,0.822222222,0.831888889,0.845555556,0.855555556,0.858666667,0.864111111,0.866666667,0.866666667,0.866666667,0.867888889,0.872666667,0.877444444,0.88,0.890111111,0.902666667,0.911111111,0.911111111,0.92,0.938444444,0.955666667,0.966666667,0.966666667,0.967777778,0.980111111,0.993777778,1,1,1,1,1,1,1,1
9,0%,31%,36%,40%,40%,42%,48%,50%,50%,54%,59%,60%,60%,66%,70%,70%,70%,70%,70%,70%,70%,70%,70%,70%,75%,80%,80%,80%,80%,80%,80%,80%,80%,80%,80%,84%,90%,90%,90%,90%,90%,90%,90%,90%,90%,90%,94%,99%,100%,100%,100%,100%,100%,100%,100%,100%,100%,100%,100%,100%,100%,100%,100%,100%,100%,100%,100%,100%,100%,100%,100%,100%,100%,100%,100%,100%,100%,100%,100%,100%,100%,100%,100%,100%,100%,100%,100%,100%,100%,100%,100%,100%,100%,100%,100%,100%,100%,100%,100%,100%,,,0,0.246666667,0.297,0.324,0.34,0.362666667,0.392666667,0.4,0.4,0.426666667,0.459333333,0.490666667,0.535,0.590666667,0.62,0.633333333,0.633333333,0.633333333,0.633333333,0.633333333,0.633333333,0.633333333,0.637333333,0.662666667,0.708333333,0.733333333,0.733333333,0.733333333,0.733333333,0.733333333,0.744333333,0.758666667,0.766666667,0.766666667,0.766666667,0.781333333,0.799333333,0.8,0.8,0.8,0.8,0.8,0.8,0.8,0.811666667,0.826,0.846,0.868,0.885333333,0.9,0.9,0.9,0.9,0.9,0.9,0.9,0.9,0.9,0.9,0.913333333,0.928,0.933333333,0.933333333,0.933333333,0.933333333,0.933333333,0.933333333,0.933333333,0.933333333,0.933333333,0.933333333,0.933333333,0.933333333,0.933333333,0.933333333,0.933333333,0.937,0.951333333,0.965666667,0.966666667,0.966666667,0.966666667,0.966666667,0.966666667,0.98,0.994666667,1,1,1,1,1,1,1,1,1,1,1,1,1,1,,,0,0.226888889,0.257777778,0.271555556,0.285,0.306888889,0.329444444,0.339555556,0.348666667,0.373333333,0.394,0.422222222,0.472333333,0.525111111,0.556666667,0.579111111,0.588222222,0.588888889,0.588888889,0.588888889,0.588888889,0.589111111,0.597666667,0.624,0.655555556,0.666666667,0.667444444,0.672,0.676555556,0.677777778,0.685111111,0.694666667,0.7,0.7,0.7,0.704888889,0.710888889,0.711111111,0.711111111,0.72,0.729111111,0.733333333,0.733333333,0.733333333,0.741111111,0.750666667,0.765777778,0.784888889,0.808555556,0.827777778,0.832333333,0.833333333,0.833333333,0.833333333,0.833333333,0.833333333,0.833333333,0.833333333,0.833333333,0.846666667,0.861444444,0.871333333,0.875888889,0.877777778,0.877777778,0.877777778,0.877777778,0.877777778,0.884222222,0.893333333,0.9,0.9,0.9,0.9,0.9,0.9,0.902444444,0.912,0.921555556,0.922222222,0.924555556,0.929111111,0.933333333,0.933333333,0.946666667,0.967111111,0.981555556,0.988888889,0.988888889,0.988888889,0.992333333,0.996888889,1,1,1,1,1,1,1,1
10,0%,40%,49%,59%,60%,60%,64%,69%,70%,70%,70%,70%,70%,70%,70%,70%,73%,78%,80%,80%,80%,80%,80%,80%,80%,80%,80%,80%,82%,87%,90%,90%,90%,90%,90%,90%,90%,90%,90%,90%,90%,90%,90%,90%,90%,90%,90%,90%,90%,90%,90%,90%,90%,95%,100%,100%,100%,100%,100%,100%,100%,100%,100%,100%,100%,100%,100%,100%,100%,100%,100%,100%,100%,100%,100%,100%,100%,100%,100%,100%,100%,100%,100%,100%,100%,100%,100%,100%,100%,100%,100%,100%,100%,100%,100%,100%,100%,100%,100%,100%,,,0,0.35,0.428333333,0.488,0.5,0.508,0.540333333,0.564,0.566666667,0.58,0.598,0.605333333,0.620333333,0.652,0.666666667,0.666666667,0.677666667,0.694,0.7,0.7,0.7,0.7,0.7,0.710666667,0.741666667,0.766666667,0.766666667,0.766666667,0.773666667,0.79,0.811,0.825333333,0.833333333,0.833333333,0.833333333,0.848,0.866,0.866666667,0.866666667,0.866666667,0.866666667,0.866666667,0.866666667,0.866666667,0.878333333,0.892666667,0.912666667,0.930666667,0.933333333,0.933333333,0.933333333,0.933333333,0.933333333,0.948666667,0.965,0.966666667,0.966666667,0.966666667,0.966666667,0.966666667,0.966666667,0.966666667,0.966666667,0.966666667,0.966666667,0.966666667,0.966666667,0.966666667,0.966666667,0.966666667,0.966666667,0.966666667,0.966666667,0.966666667,0.966666667,0.966666667,0.970333333,0.984666667,0.999,1,1,1,1,1,1,1,1,1,1,1,1,1,1,1,1,1,1,1,1,1,,,0,0.280222222,0.333888889,0.367555556,0.382222222,0.397333333,0.422111111,0.435555556,0.441,0.462222222,0.484,0.506666667,0.544666667,0.590888889,0.615,0.628444444,0.636666667,0.642444444,0.644444444,0.644444444,0.644444444,0.644444444,0.647111111,0.667555556,0.702777778,0.722222222,0.722222222,0.722222222,0.724555556,0.73,0.744333333,0.758666667,0.766666667,0.766666667,0.766666667,0.776444444,0.788444444,0.788888889,0.788888889,0.793333333,0.797888889,0.8,0.8,0.8,0.811666667,0.826,0.844777778,0.864,0.879111111,0.888888889,0.888888889,0.888888889,0.888888889,0.894,0.899444444,0.9,0.9,0.9,0.9,0.908888889,0.918666667,0.922222222,0.922222222,0.922222222,0.922222222,0.922222222,0.922222222,0.922222222,0.925444444,0.93,0.933333333,0.933333333,0.933333333,0.933333333,0.933333333,0.933333333,0.937,0.951333333,0.965666667,0.966666667,0.966666667,0.966666667,0.966666667,0.966666667,0.975555556,0.988222222,0.996333333,1,1,1,1,1,1,1,1,1,1,1,1,1
11,0%,53%,65%,70%,70%,70%,70%,70%,72%,78%,80%,80%,80%,80%,80%,80%,80%,80%,80%,80%,82%,88%,90%,90%,90%,90%,90%,90%,90%,90%,90%,90%,90%,90%,90%,90%,90%,90%,90%,90%,90%,90%,90%,90%,90%,90%,93%,98%,100%,100%,100%,100%,100%,100%,100%,100%,100%,100%,100%,100%,100%,100%,100%,100%,100%,100%,100%,100%,100%,100%,100%,100%,100%,100%,100%,100%,100%,100%,100%,100%,100%,100%,100%,100%,100%,100%,100%,100%,100%,100%,100%,100%,100%,100%,100%,100%,100%,100%,100%,100%,,,0,0.412666667,0.501333333,0.564,0.566666667,0.574666667,0.607,0.630666667,0.640666667,0.673333333,0.698,0.7,0.700666667,0.718666667,0.733333333,0.733333333,0.744333333,0.760666667,0.766666667,0.766666667,0.772666667,0.792,0.8,0.8,0.816666667,0.833333333,0.833333333,0.833333333,0.840333333,0.856666667,0.866666667,0.866666667,0.866666667,0.866666667,0.866666667,0.881333333,0.899333333,0.9,0.9,0.9,0.9,0.9,0.9,0.9,0.9,0.9,0.921333333,0.958666667,0.966666667,0.966666667,0.966666667,0.966666667,0.966666667,0.982,0.998333333,1,1,1,1,1,1,1,1,1,1,1,1,1,1,1,1,1,1,1,1,1,1,1,1,1,1,1,1,1,1,1,1,1,1,1,1,1,1,1,1,1,1,1,1,1,,,0,0.336444444,0.408888889,0.458666667,0.468888889,0.481777778,0.513333333,0.531555556,0.535777778,0.56,0.585111111,0.598666667,0.618666667,0.653777778,0.673333333,0.677777778,0.685111111,0.696,0.7,0.7,0.702,0.708444444,0.712444444,0.724444444,0.755555556,0.777777778,0.777777778,0.777777778,0.782444444,0.793333333,0.807333333,0.816888889,0.822222222,0.822222222,0.822222222,0.836888889,0.854888889,0.855555556,0.855555556,0.855555556,0.855555556,0.855555556,0.855555556,0.855555556,0.863333333,0.872888889,0.893333333,0.919111111,0.928444444,0.933333333,0.933333333,0.933333333,0.933333333,0.943555556,0.954444444,0.955555556,0.955555556,0.955555556,0.955555556,0.96,0.964888889,0.966666667,0.966666667,0.966666667,0.966666667,0.966666667,0.966666667,0.966666667,0.966666667,0.966666667,0.966666667,0.966666667,0.966666667,0.966666667,0.966666667,0.966666667,0.969111111,0.978666667,0.988222222,0.988888889,0.988888889,0.988888889,0.988888889,0.988888889,0.993333333,0.998222222,1,1,1,1,1,1,1,1,1,1,1,1,1,1
12,0%,47%,54%,58%,63%,67%,70%,70%,70%,70%,70%,70%,70%,70%,70%,72%,77%,80%,80%,80%,80%,80%,80%,80%,80%,80%,80%,80%,80%,80%,80%,84%,89%,90%,90%,90%,90%,90%,90%,90%,90%,90%,90%,90%,90%,90%,90%,90%,90%,90%,90%,94%,99%,100%,100%,100%,100%,100%,100%,100%,100%,100%,100%,100%,100%,100%,100%,100%,100%,100%,100%,100%,100%,100%,100%,100%,100%,100%,100%,100%,100%,100%,100%,100%,100%,100%,100%,100%,100%,100%,100%,100%,100%,100%,100%,100%,100%,100%,100%,100%,,,0,0.466666667,0.559,0.624,0.641666667,0.656666667,0.681,0.697333333,0.707333333,0.726666667,0.733333333,0.733333333,0.733333333,0.733333333,0.733333333,0.74,0.766,0.794,0.8,0.8,0.806,0.825333333,0.833333333,0.833333333,0.833333333,0.833333333,0.833333333,0.833333333,0.840333333,0.856666667,0.866666667,0.88,0.895,0.9,0.9,0.9,0.9,0.9,0.9,0.9,0.9,0.9,0.9,0.9,0.9,0.9,0.908666667,0.928,0.933333333,0.933333333,0.933333333,0.946666667,0.961666667,0.982,0.998333333,1,1,1,1,1,1,1,1,1,1,1,1,1,1,1,1,1,1,1,1,1,1,1,1,1,1,1,1,1,1,1,1,1,1,1,1,1,1,1,1,1,1,1,1,1,,,0,0.409777778,0.496222222,0.558666667,0.569444444,0.579777778,0.609444444,0.630666667,0.638222222,0.66,0.676444444,0.679555556,0.684777778,0.701333333,0.711111111,0.713333333,0.729333333,0.749555556,0.755555556,0.755555556,0.759555556,0.772444444,0.777777778,0.781333333,0.797222222,0.811111111,0.811111111,0.811111111,0.818111111,0.834444444,0.848111111,0.857333333,0.865,0.866666667,0.866666667,0.876444444,0.888444444,0.888888889,0.888888889,0.888888889,0.888888889,0.888888889,0.888888889,0.888888889,0.892777778,0.897555556,0.914222222,0.939111111,0.944444444,0.944444444,0.944444444,0.948888889,0.953888889,0.970888889,0.987222222,0.988888889,0.988888889,0.988888889,0.988888889,0.988888889,0.988888889,0.988888889,0.988888889,0.988888889,0.988888889,0.988888889,0.988888889,0.988888889,0.988888889,0.988888889,0.988888889,0.988888889,0.988888889,0.988888889,0.988888889,0.988888889,0.990111111,0.994888889,0.999666667,1,1,1,1,1,1,1,1,1,1,1,1,1,1,1,1,1,1,1,1,1
13,0%,70%,76%,80%,80%,80%,80%,80%,80%,80%,80%,80%,80%,80%,80%,80%,80%,80%,80%,80%,80%,84%,90%,90%,90%,90%,90%,90%,90%,90%,90%,90%,90%,90%,90%,90%,90%,90%,90%,90%,90%,90%,90%,90%,94%,99%,100%,100%,100%,100%,100%,100%,100%,100%,100%,100%,100%,100%,100%,100%,100%,100%,100%,100%,100%,100%,100%,100%,100%,100%,100%,100%,100%,100%,100%,100%,100%,100%,100%,100%,100%,100%,100%,100%,100%,100%,100%,100%,100%,100%,100%,100%,100%,100%,100%,100%,100%,100%,100%,100%,,,0,0.568666667,0.646333333,0.693333333,0.708333333,0.723333333,0.733333333,0.733333333,0.740666667,0.76,0.766666667,0.766666667,0.766666667,0.766666667,0.766666667,0.773333333,0.788333333,0.8,0.8,0.8,0.806,0.84,0.865333333,0.866666667,0.866666667,0.866666667,0.866666667,0.866666667,0.866666667,0.866666667,0.866666667,0.88,0.895,0.9,0.9,0.9,0.9,0.9,0.9,0.9,0.9,0.9,0.9,0.9,0.913333333,0.930666667,0.942,0.961333333,0.966666667,0.966666667,0.966666667,0.98,0.995,1,1,1,1,1,1,1,1,1,1,1,1,1,1,1,1,1,1,1,1,1,1,1,1,1,1,1,1,1,1,1,1,1,1,1,1,1,1,1,1,1,1,1,1,1,1,1,,,0,0.482666667,0.568888889,0.627111111,0.638888889,0.651555556,0.673777778,0.687111111,0.696222222,0.72,0.732666667,0.733333333,0.733555556,0.739555556,0.744444444,0.748888889,0.766222222,0.784888889,0.788888889,0.788888889,0.794888889,0.819111111,0.832888889,0.833333333,0.838888889,0.844444444,0.844444444,0.844444444,0.849111111,0.86,0.866666667,0.875555556,0.885555556,0.888888889,0.888888889,0.893777778,0.899777778,0.9,0.9,0.9,0.9,0.9,0.9,0.9,0.904444444,0.910222222,0.924,0.949333333,0.955555556,0.955555556,0.955555556,0.964444444,0.974444444,0.988,0.998888889,1,1,1,1,1,1,1,1,1,1,1,1,1,1,1,1,1,1,1,1,1,1,1,1,1,1,1,1,1,1,1,1,1,1,1,1,1,1,1,1,1,1,1,1,1
14,0%,60%,60%,60%,60%,60%,60%,63%,69%,70%,70%,75%,80%,80%,80%,80%,80%,80%,80%,80%,80%,80%,84%,90%,90%,90%,90%,90%,90%,90%,90%,90%,90%,90%,90%,90%,90%,90%,90%,90%,90%,90%,92%,98%,100%,100%,100%,100%,100%,100%,100%,100%,100%,100%,100%,100%,100%,100%,100%,100%,100%,100%,100%,100%,100%,100%,100%,100%,100%,100%,100%,100%,100%,100%,100%,100%,100%,100%,100%,100%,100%,100%,100%,100%,100%,100%,100%,100%,100%,100%,100%,100%,100%,100%,100%,100%,100%,100%,100%,100%,,,0,0.591333333,0.630333333,0.66,0.675,0.69,0.7,0.710666667,0.728666667,0.733333333,0.733333333,0.749333333,0.766666667,0.766666667,0.766666667,0.773333333,0.788333333,0.8,0.8,0.8,0.8,0.814666667,0.846,0.865333333,0.866666667,0.866666667,0.866666667,0.866666667,0.866666667,0.866666667,0.866666667,0.88,0.895,0.9,0.9,0.9,0.9,0.9,0.9,0.9,0.9,0.9,0.907333333,0.925333333,0.946666667,0.964,0.966666667,0.966666667,0.966666667,0.966666667,0.966666667,0.98,0.995,1,1,1,1,1,1,1,1,1,1,1,1,1,1,1,1,1,1,1,1,1,1,1,1,1,1,1,1,1,1,1,1,1,1,1,1,1,1,1,1,1,1,1,1,1,1,1,,,0,0.542222222,0.611888889,0.659111111,0.675,0.69,0.704777778,0.713777778,0.725555556,0.74,0.744444444,0.749777778,0.755555556,0.755555556,0.755555556,0.762222222,0.780888889,0.798,0.8,0.8,0.804,0.826666667,0.848222222,0.855111111,0.855555556,0.855555556,0.855555556,0.855555556,0.857888889,0.863333333,0.866666667,0.88,0.895,0.9,0.9,0.9,0.9,0.9,0.9,0.9,0.9,0.9,0.902444444,0.908444444,0.92,0.931555556,0.939111111,0.952,0.955555556,0.955555556,0.955555556,0.968888889,0.983888889,0.994,0.999444444,1,1,1,1,1,1,1,1,1,1,1,1,1,1,1,1,1,1,1,1,1,1,1,1,1,1,1,1,1,1,1,1,1,1,1,1,1,1,1,1,1,1,1,1,1
15,0%,68%,70%,70%,73%,77%,80%,80%,81%,85%,90%,90%,90%,90%,90%,90%,90%,90%,90%,90%,90%,90%,90%,90%,90%,90%,92%,96%,100%,100%,100%,100%,100%,100%,100%,100%,100%,100%,100%,100%,100%,100%,100%,100%,100%,100%,100%,100%,100%,100%,100%,100%,100%,100%,100%,100%,100%,100%,100%,100%,100%,100%,100%,100%,100%,100%,100%,100%,100%,100%,100%,100%,100%,100%,100%,100%,100%,100%,100%,100%,100%,100%,100%,100%,100%,100%,100%,100%,100%,100%,100%,100%,100%,100%,100%,100%,100%,100%,100%,100%,,,0,0.661333333,0.685333333,0.7,0.708333333,0.723333333,0.733333333,0.744,0.763666667,0.783333333,0.798333333,0.816,0.833333333,0.833333333,0.833333333,0.833333333,0.833333333,0.833333333,0.833333333,0.833333333,0.833333333,0.848,0.879333333,0.898666667,0.9,0.9,0.905,0.92,0.933333333,0.933333333,0.933333333,0.933333333,0.933333333,0.933333333,0.933333333,0.933333333,0.933333333,0.933333333,0.933333333,0.933333333,0.933333333,0.933333333,0.940666667,0.958666667,0.98,0.997333333,1,1,1,1,1,1,1,1,1,1,1,1,1,1,1,1,1,1,1,1,1,1,1,1,1,1,1,1,1,1,1,1,1,1,1,1,1,1,1,1,1,1,1,1,1,1,1,1,1,1,1,1,1,1,,,0,0.607111111,0.654,0.684444444,0.697222222,0.712222222,0.722222222,0.729333333,0.744333333,0.758888889,0.766111111,0.777333333,0.788888889,0.788888889,0.788888889,0.793333333,0.803333333,0.811111111,0.811111111,0.811111111,0.813111111,0.834222222,0.863555556,0.876888889,0.877777778,0.877777778,0.879444444,0.884444444,0.888888889,0.888888889,0.888888889,0.897777778,0.907777778,0.911111111,0.911111111,0.911111111,0.911111111,0.911111111,0.911111111,0.911111111,0.911111111,0.911111111,0.916,0.928,0.946666667,0.964,0.969555556,0.976,0.977777778,0.977777778,0.977777778,0.986666667,0.996666667,1,1,1,1,1,1,1,1,1,1,1,1,1,1,1,1,1,1,1,1,1,1,1,1,1,1,1,1,1,1,1,1,1,1,1,1,1,1,1,1,1,1,1,1,1,1,1
16,0%,20%,27%,36%,43%,47%,53%,62%,71%,75%,80%,80%,80%,80%,80%,80%,80%,80%,80%,80%,85%,89%,90%,90%,90%,90%,90%,90%,90%,90%,90%,90%,90%,93%,98%,100%,100%,100%,100%,100%,100%,100%,100%,100%,100%,100%,100%,100%,100%,100%,100%,100%,100%,100%,100%,100%,100%,100%,100%,100%,100%,100%,100%,100%,100%,100%,100%,100%,100%,100%,100%,100%,100%,100%,100%,100%,100%,100%,100%,100%,100%,100%,100%,100%,100%,100%,100%,100%,100%,100%,100%,100%,100%,100%,100%,100%,100%,100%,100%,100%,,,0,0.493333333,0.523333333,0.553333333,0.583333333,0.613333333,0.643333333,0.684,0.732,0.766666667,0.796666667,0.816,0.833333333,0.833333333,0.833333333,0.833333333,0.833333333,0.833333333,0.833333333,0.833333333,0.848333333,0.863333333,0.880666667,0.898666667,0.9,0.9,0.905,0.92,0.933333333,0.933333333,0.933333333,0.933333333,0.933333333,0.943333333,0.958333333,0.966666667,0.966666667,0.966666667,0.966666667,0.966666667,0.966666667,0.966666667,0.974,0.992,1,1,1,1,1,1,1,1,1,1,1,1,1,1,1,1,1,1,1,1,1,1,1,1,1,1,1,1,1,1,1,1,1,1,1,1,1,1,1,1,1,1,1,1,1,1,1,1,1,1,1,1,1,1,1,1,,,0,0.582,0.613,0.637777778,0.655555556,0.675555556,0.692222222,0.712888889,0.741444444,0.761111111,0.776111111,0.793777778,0.811111111,0.811111111,0.811111111,0.813333333,0.818333333,0.822222222,0.822222222,0.822222222,0.827222222,0.842,0.868666667,0.887555556,0.888888889,0.888888889,0.892222222,0.902222222,0.911111111,0.911111111,0.911111111,0.915555556,0.920555556,0.925555556,0.930555556,0.933333333,0.933333333,0.933333333,0.933333333,0.933333333,0.933333333,0.933333333,0.940666667,0.958666667,0.975555556,0.987111111,0.988888889,0.988888889,0.988888889,0.988888889,0.988888889,0.993333333,0.998333333,1,1,1,1,1,1,1,1,1,1,1,1,1,1,1,1,1,1,1,1,1,1,1,1,1,1,1,1,1,1,1,1,1,1,1,1,1,1,1,1,1,1,1,1,1,1,1
17,0%,60%,65%,70%,75%,80%,80%,80%,80%,80%,80%,80%,85%,90%,90%,90%,90%,90%,90%,90%,90%,90%,90%,90%,90%,90%,90%,90%,90%,90%,95%,100%,100%,100%,100%,100%,100%,100%,100%,100%,100%,100%,100%,100%,100%,100%,100%,100%,100%,100%,100%,100%,100%,100%,100%,100%,100%,100%,100%,100%,100%,100%,100%,100%,100%,100%,100%,100%,100%,100%,100%,100%,100%,100%,100%,100%,100%,100%,100%,100%,100%,100%,100%,100%,100%,100%,100%,100%,100%,100%,100%,100%,100%,100%,100%,100%,100%,100%,100%,100%,,,0,0.493333333,0.54,0.586666667,0.633333333,0.68,0.71,0.74,0.77,0.8,0.83,0.833333333,0.85,0.866666667,0.866666667,0.866666667,0.866666667,0.866666667,0.866666667,0.866666667,0.881666667,0.896666667,0.9,0.9,0.9,0.9,0.905,0.92,0.933333333,0.933333333,0.95,0.966666667,0.966666667,0.976666667,0.991666667,1,1,1,1,1,1,1,1,1,1,1,1,1,1,1,1,1,1,1,1,1,1,1,1,1,1,1,1,1,1,1,1,1,1,1,1,1,1,1,1,1,1,1,1,1,1,1,1,1,1,1,1,1,1,1,1,1,1,1,1,1,1,1,1,1,,,0,0.549333333,0.582888889,0.613333333,0.641666667,0.672222222,0.695555556,0.722666667,0.755222222,0.783333333,0.808333333,0.821777778,0.838888889,0.844444444,0.844444444,0.844444444,0.844444444,0.844444444,0.844444444,0.844444444,0.854444444,0.869333333,0.886666667,0.899111111,0.9,0.9,0.905,0.92,0.933333333,0.933333333,0.938888889,0.944444444,0.944444444,0.951111111,0.961111111,0.966666667,0.966666667,0.966666667,0.966666667,0.966666667,0.966666667,0.966666667,0.971555556,0.983555556,0.993333333,0.999111111,1,1,1,1,1,1,1,1,1,1,1,1,1,1,1,1,1,1,1,1,1,1,1,1,1,1,1,1,1,1,1,1,1,1,1,1,1,1,1,1,1,1,1,1,1,1,1,1,1,1,1,1,1,1
18,0%,80%,80%,80%,80%,80%,84%,89%,90%,90%,90%,90%,90%,90%,90%,90%,90%,90%,90%,90%,93%,98%,100%,100%,100%,100%,100%,100%,100%,100%,100%,100%,100%,100%,100%,100%,100%,100%,100%,100%,100%,100%,100%,100%,100%,100%,100%,100%,100%,100%,100%,100%,100%,100%,100%,100%,100%,100%,100%,100%,100%,100%,100%,100%,100%,100%,100%,100%,100%,100%,100%,100%,100%,100%,100%,100%,100%,100%,100%,100%,100%,100%,100%,100%,100%,100%,100%,100%,100%,100%,100%,100%,100%,100%,100%,100%,100%,100%,100%,100%,,,0,0.532666667,0.573333333,0.62,0.658333333,0.69,0.724333333,0.770666667,0.801666667,0.816666667,0.831666667,0.833333333,0.85,0.866666667,0.866666667,0.866666667,0.866666667,0.866666667,0.866666667,0.866666667,0.891333333,0.922666667,0.933333333,0.933333333,0.933333333,0.933333333,0.933333333,0.933333333,0.933333333,0.933333333,0.95,0.966666667,0.966666667,0.976666667,0.991666667,1,1,1,1,1,1,1,1,1,1,1,1,1,1,1,1,1,1,1,1,1,1,1,1,1,1,1,1,1,1,1,1,1,1,1,1,1,1,1,1,1,1,1,1,1,1,1,1,1,1,1,1,1,1,1,1,1,1,1,1,1,1,1,1,1,,,0,0.506444444,0.545555556,0.586666667,0.625,0.661111111,0.692555556,0.731555556,0.767888889,0.794444444,0.819444444,0.827555556,0.844444444,0.855555556,0.855555556,0.855555556,0.855555556,0.855555556,0.855555556,0.855555556,0.873777778,0.894222222,0.904666667,0.910666667,0.911111111,0.911111111,0.914444444,0.924444444,0.933333333,0.933333333,0.944444444,0.955555556,0.955555556,0.965555556,0.980555556,0.988888889,0.988888889,0.988888889,0.988888889,0.988888889,0.988888889,0.988888889,0.991333333,0.997333333,1,1,1,1,1,1,1,1,1,1,1,1,1,1,1,1,1,1,1,1,1,1,1,1,1,1,1,1,1,1,1,1,1,1,1,1,1,1,1,1,1,1,1,1,1,1,1,1,1,1,1,1,1,1,1,1
19,0%,52%,68%,80%,80%,80%,80%,82%,88%,90%,90%,90%,90%,90%,90%,90%,90%,90%,90%,90%,90%,90%,90%,90%,90%,90%,93%,98%,100%,100%,100%,100%,100%,100%,100%,100%,100%,100%,100%,100%,100%,100%,100%,100%,100%,100%,100%,100%,100%,100%,100%,100%,100%,100%,100%,100%,100%,100%,100%,100%,100%,100%,100%,100%,100%,100%,100%,100%,100%,100%,100%,100%,100%,100%,100%,100%,100%,100%,100%,100%,100%,100%,100%,100%,100%,100%,100%,100%,100%,100%,100%,100%,100%,100%,100%,100%,100%,100%,100%,100%,,,0,0.638666667,0.709,0.766666667,0.783333333,0.8,0.814333333,0.838666667,0.859,0.866666667,0.866666667,0.866666667,0.883333333,0.9,0.9,0.9,0.9,0.9,0.9,0.9,0.909666667,0.926,0.933333333,0.933333333,0.933333333,0.933333333,0.943666667,0.961333333,0.966666667,0.966666667,0.983333333,1,1,1,1,1,1,1,1,1,1,1,1,1,1,1,1,1,1,1,1,1,1,1,1,1,1,1,1,1,1,1,1,1,1,1,1,1,1,1,1,1,1,1,1,1,1,1,1,1,1,1,1,1,1,1,1,1,1,1,1,1,1,1,1,1,1,1,1,1,,,0,0.554888889,0.607444444,0.657777778,0.691666667,0.723333333,0.749555556,0.783111111,0.810222222,0.827777778,0.842777778,0.844444444,0.861111111,0.877777778,0.877777778,0.877777778,0.877777778,0.877777778,0.877777778,0.877777778,0.894222222,0.915111111,0.922222222,0.922222222,0.922222222,0.922222222,0.927333333,0.938222222,0.944444444,0.944444444,0.961111111,0.977777778,0.977777778,0.984444444,0.994444444,1,1,1,1,1,1,1,1,1,1,1,1,1,1,1,1,1,1,1,1,1,1,1,1,1,1,1,1,1,1,1,1,1,1,1,1,1,1,1,1,1,1,1,1,1,1,1,1,1,1,1,1,1,1,1,1,1,1,1,1,1,1,1,1,1
20,0%,55%,63%,70%,78%,80%,80%,80%,84%,88%,90%,90%,90%,90%,90%,91%,95%,98%,100%,100%,100%,100%,100%,100%,100%,100%,100%,100%,100%,100%,100%,100%,100%,100%,100%,100%,100%,100%,100%,100%,100%,100%,100%,100%,100%,100%,100%,100%,100%,100%,100%,100%,100%,100%,100%,100%,100%,100%,100%,100%,100%,100%,100%,100%,100%,100%,100%,100%,100%,100%,100%,100%,100%,100%,100%,100%,100%,100%,100%,100%,100%,100%,100%,100%,100%,100%,100%,100%,100%,100%,100%,100%,100%,100%,100%,100%,100%,100%,100%,100%,,,0,0.622666667,0.701666667,0.768,0.793333333,0.8,0.814333333,0.84,0.873,0.893333333,0.9,0.9,0.9,0.9,0.9,0.902666667,0.915333333,0.928,0.933333333,0.933333333,0.943,0.959333333,0.966666667,0.966666667,0.966666667,0.966666667,0.977,0.994666667,1,1,1,1,1,1,1,1,1,1,1,1,1,1,1,1,1,1,1,1,1,1,1,1,1,1,1,1,1,1,1,1,1,1,1,1,1,1,1,1,1,1,1,1,1,1,1,1,1,1,1,1,1,1,1,1,1,1,1,1,1,1,1,1,1,1,1,1,1,1,1,1,,,0,0.598,0.661333333,0.718222222,0.745,0.763333333,0.784333333,0.816444444,0.844555556,0.858888889,0.866111111,0.866666667,0.877777778,0.888888889,0.888888889,0.889777778,0.894,0.898222222,0.9,0.9,0.914666667,0.936,0.944444444,0.944444444,0.944444444,0.944444444,0.951333333,0.963111111,0.966666667,0.966666667,0.977777778,0.988888889,0.988888889,0.992222222,0.997222222,1,1,1,1,1,1,1,1,1,1,1,1,1,1,1,1,1,1,1,1,1,1,1,1,1,1,1,1,1,1,1,1,1,1,1,1,1,1,1,1,1,1,1,1,1,1,1,1,1,1,1,1,1,1,1,1,1,1,1,1,1,1,1,1,1
21,0%,40%,54%,62%,70%,74%,78%,82%,86%,90%,90%,90%,90%,90%,90%,90%,90%,92%,96%,100%,100%,100%,100%,100%,100%,100%,100%,100%,100%,100%,100%,100%,100%,100%,100%,100%,100%,100%,100%,100%,100%,100%,100%,100%,100%,100%,100%,100%,100%,100%,100%,100%,100%,100%,100%,100%,100%,100%,100%,100%,100%,100%,100%,100%,100%,100%,100%,100%,100%,100%,100%,100%,100%,100%,100%,100%,100%,100%,100%,100%,100%,100%,100%,100%,100%,100%,100%,100%,100%,100%,100%,100%,100%,100%,100%,100%,100%,100%,100%,100%,,,0,0.49,0.615,0.708,0.76,0.78,0.793333333,0.816,0.859666667,0.893333333,0.9,0.9,0.9,0.9,0.9,0.902666667,0.915333333,0.934666667,0.953333333,0.966666667,0.966666667,0.966666667,0.966666667,0.966666667,0.966666667,0.966666667,0.977,0.994666667,1,1,1,1,1,1,1,1,1,1,1,1,1,1,1,1,1,1,1,1,1,1,1,1,1,1,1,1,1,1,1,1,1,1,1,1,1,1,1,1,1,1,1,1,1,1,1,1,1,1,1,1,1,1,1,1,1,1,1,1,1,1,1,1,1,1,1,1,1,1,1,1,,,0,0.583777778,0.675222222,0.747555556,0.778888889,0.793333333,0.807333333,0.831555556,0.863888889,0.884444444,0.888888889,0.888888889,0.894444444,0.9,0.9,0.901777778,0.910222222,0.920888889,0.928888889,0.933333333,0.939777778,0.950666667,0.955555556,0.955555556,0.955555556,0.955555556,0.965888889,0.983555556,0.988888889,0.988888889,0.994444444,1,1,1,1,1,1,1,1,1,1,1,1,1,1,1,1,1,1,1,1,1,1,1,1,1,1,1,1,1,1,1,1,1,1,1,1,1,1,1,1,1,1,1,1,1,1,1,1,1,1,1,1,1,1,1,1,1,1,1,1,1,1,1,1,1,1,1,1,1
22,0%,65%,68%,72%,77%,82%,88%,90%,90%,90%,90%,90%,90%,90%,91%,93%,96%,99%,100%,100%,100%,100%,100%,100%,100%,100%,100%,100%,100%,100%,100%,100%,100%,100%,100%,100%,100%,100%,100%,100%,100%,100%,100%,100%,100%,100%,100%,100%,100%,100%,100%,100%,100%,100%,100%,100%,100%,100%,100%,100%,100%,100%,100%,100%,100%,100%,100%,100%,100%,100%,100%,100%,100%,100%,100%,100%,100%,100%,100%,100%,100%,100%,100%,100%,100%,100%,100%,100%,100%,100%,100%,100%,100%,100%,100%,100%,100%,100%,100%,100%,,,0,0.535333333,0.616333333,0.68,0.75,0.788,0.819333333,0.841333333,0.867333333,0.893333333,0.9,0.9,0.9,0.9,0.901666667,0.913333333,0.935,0.963333333,0.986666667,1,1,1,1,1,1,1,1,1,1,1,1,1,1,1,1,1,1,1,1,1,1,1,1,1,1,1,1,1,1,1,1,1,1,1,1,1,1,1,1,1,1,1,1,1,1,1,1,1,1,1,1,1,1,1,1,1,1,1,1,1,1,1,1,1,1,1,1,1,1,1,1,1,1,1,1,1,1,1,1,1,,,0,0.549333333,0.644333333,0.718666667,0.767777778,0.789333333,0.809,0.832444444,0.866666667,0.893333333,0.9,0.9,0.9,0.9,0.900555556,0.906222222,0.921888889,0.942,0.957777778,0.966666667,0.969888889,0.975333333,0.977777778,0.977777778,0.977777778,0.977777778,0.984666667,0.996444444,1,1,1,1,1,1,1,1,1,1,1,1,1,1,1,1,1,1,1,1,1,1,1,1,1,1,1,1,1,1,1,1,1,1,1,1,1,1,1,1,1,1,1,1,1,1,1,1,1,1,1,1,1,1,1,1,1,1,1,1,1,1,1,1,1,1,1,1,1,1,1,1
23,0%,63%,69%,73%,76%,79%,80%,80%,80%,80%,80%,80%,82%,85%,88%,90%,90%,90%,90%,90%,90%,90%,90%,90%,90%,90%,90%,90%,93%,96%,99%,100%,100%,100%,100%,100%,100%,100%,100%,100%,100%,100%,100%,100%,100%,100%,100%,100%,100%,100%,100%,100%,100%,100%,100%,100%,100%,100%,100%,100%,100%,100%,100%,100%,100%,100%,100%,100%,100%,100%,100%,100%,100%,100%,100%,100%,100%,100%,100%,100%,100%,100%,100%,100%,100%,100%,100%,100%,100%,100%,100%,100%,100%,100%,100%,100%,100%,100%,100%,100%,,,0,0.560666667,0.637666667,0.688,0.743333333,0.785333333,0.819333333,0.84,0.853333333,0.866666667,0.866666667,0.866666667,0.872,0.882666667,0.895,0.910666667,0.919666667,0.935333333,0.953333333,0.966666667,0.966666667,0.966666667,0.966666667,0.966666667,0.966666667,0.966666667,0.966666667,0.966666667,0.976,0.986666667,0.997333333,1,1,1,1,1,1,1,1,1,1,1,1,1,1,1,1,1,1,1,1,1,1,1,1,1,1,1,1,1,1,1,1,1,1,1,1,1,1,1,1,1,1,1,1,1,1,1,1,1,1,1,1,1,1,1,1,1,1,1,1,1,1,1,1,1,1,1,1,1,,,0,0.528666667,0.623,0.692,0.751111111,0.784444444,0.810666667,0.832444444,0.860111111,0.884444444,0.888888889,0.888888889,0.890666667,0.894222222,0.898888889,0.908888889,0.923333333,0.944444444,0.964444444,0.977777778,0.977777778,0.977777778,0.977777778,0.977777778,0.977777778,0.977777778,0.981222222,0.987111111,0.992,0.995555556,0.999111111,1,1,1,1,1,1,1,1,1,1,1,1,1,1,1,1,1,1,1,1,1,1,1,1,1,1,1,1,1,1,1,1,1,1,1,1,1,1,1,1,1,1,1,1,1,1,1,1,1,1,1,1,1,1,1,1,1,1,1,1,1,1,1,1,1,1,1,1,1
24,0%,60%,64%,69%,70%,70%,70%,70%,72%,74%,76%,79%,80%,80%,80%,80%,81%,83%,86%,88%,90%,90%,90%,90%,90%,92%,95%,97%,100%,100%,100%,100%,100%,100%,100%,100%,100%,100%,100%,100%,100%,100%,100%,100%,100%,100%,100%,100%,100%,100%,100%,100%,100%,100%,100%,100%,100%,100%,100%,100%,100%,100%,100%,100%,100%,100%,100%,100%,100%,100%,100%,100%,100%,100%,100%,100%,100%,100%,100%,100%,100%,100%,100%,100%,100%,100%,100%,100%,100%,100%,100%,100%,100%,100%,100%,100%,100%,100%,100%,100%,,,0,0.626,0.672333333,0.712,0.743333333,0.772,0.792666667,0.8,0.805333333,0.813333333,0.821333333,0.829333333,0.838666667,0.849333333,0.861666667,0.877333333,0.889,0.906,0.918666667,0.926666667,0.933333333,0.933333333,0.933333333,0.933333333,0.933333333,0.941333333,0.949333333,0.957333333,0.974666667,0.986666667,0.997333333,1,1,1,1,1,1,1,1,1,1,1,1,1,1,1,1,1,1,1,1,1,1,1,1,1,1,1,1,1,1,1,1,1,1,1,1,1,1,1,1,1,1,1,1,1,1,1,1,1,1,1,1,1,1,1,1,1,1,1,1,1,1,1,1,1,1,1,1,1,,,0,0.574,0.642111111,0.693333333,0.745555556,0.781777778,0.810444444,0.827111111,0.842,0.857777778,0.862666667,0.865333333,0.870222222,0.877333333,0.886111111,0.900444444,0.914555556,0.934888889,0.952888889,0.964444444,0.966666667,0.966666667,0.966666667,0.966666667,0.966666667,0.969333333,0.972,0.974666667,0.983555556,0.991111111,0.998222222,1,1,1,1,1,1,1,1,1,1,1,1,1,1,1,1,1,1,1,1,1,1,1,1,1,1,1,1,1,1,1,1,1,1,1,1,1,1,1,1,1,1,1,1,1,1,1,1,1,1,1,1,1,1,1,1,1,1,1,1,1,1,1,1,1,1,1,1,1